Feature Group,Accuracy,Macro F1,Weighted F1,N Features
All Features (Regime),0.36288777362699104,0.3527790815413702,0.35291216717700463,11
No Regime,0.36158383960353696,0.3526534501994106,0.3527445788208045,10
No Momentum,0.3614161310474657,0.35029598254071526,0.3504235494668942,7
Volatility Only,0.3561291188173193,0.34597464635590064,0.3461330109452637,2
Momentum + Regime,0.35903466955125385,0.34271507784292937,0.3428738855307324,5
Momentum Only,0.3539447148744911,0.3418480483845414,0.3420036004842962,4
Trend Only,0.3511104402768868,0.33943176594733754,0.3395923447165327,3
