{
  "stage1": {
    "logistic_regression": {
      "C": 0.13280825906303814,
      "solver": "lbfgs"
    },
    "random_forest": {
      "n_estimators": 429,
      "max_depth": 10,
      "min_samples_leaf": 8,
      "min_samples_split": 16,
      "max_features": "sqrt"
    },
    "lightgbm": {
      "n_estimators": 114,
      "learning_rate": 0.11041930924484174,
      "max_depth": 5,
      "num_leaves": 120,
      "min_child_samples": 99,
      "colsample_bytree": 0.8451235367845726,
      "subsample": 0.628963476300746,
      "reg_alpha": 0.00011077902520957406,
      "reg_lambda": 0.75379333134501
    }
  },
  "stage2": {
    "logistic_regression": {
      "C": 0.29889419748420054,
      "solver": "lbfgs"
    },
    "random_forest": {
      "n_estimators": 92,
      "max_depth": 10,
      "min_samples_leaf": 113,
      "min_samples_split": 171,
      "max_features": "log2"
    },
    "lightgbm": {
      "n_estimators": 740,
      "learning_rate": 0.010072618403206937,
      "max_depth": 5,
      "num_leaves": 255,
      "min_child_samples": 172,
      "colsample_bytree": 0.8899802540983397,
      "subsample": 0.9855355977976394,
      "subsample_freq": 1,
      "reg_alpha": 0.803308109032679,
      "reg_lambda": 2.5007462926228303
    }
  }
}