Model,Class,Precision,Recall,F1,Support
Logistic Regression,Sell,0.34475161465564075,0.14357356526985243,0.20272236814083908,79562
Logistic Regression,Hold,0.3637888981649724,0.5549770252722006,0.43949057182126505,80088
Logistic Regression,Buy,0.36111879034099786,0.38098378117906645,0.3707854075134521,78859
Random Forest,Sell,0.3493259231921499,0.20224479022649003,0.25617512437810946,79562
Random Forest,Hold,0.3649703299704541,0.550631805014484,0.438977289129342,80088
Random Forest,Buy,0.36887889746847813,0.33500298000228257,0.3511257609186847,78859
LightGBM,Sell,0.3505847425327476,0.2196651667881652,0.2700965127151059,79562
LightGBM,Hold,0.3662942384869419,0.5276570772150634,0.4324122441253063,80088
LightGBM,Buy,0.3675312802739838,0.34157166588468024,0.35407629413465835,78859
