Model,Class,Precision,Recall,F1,Support
Logistic Regression,Bullish,0.8205128205128205,0.6451612903225806,0.7223476297968398,248
Logistic Regression,Bearish,0.7627118644067796,0.5555555555555556,0.6428571428571429,162
Logistic Regression,High-Volatility,0.32386363636363635,0.7215189873417721,0.4470588235294118,79
Random Forest,Bullish,0.7981651376146789,0.7016129032258065,0.7467811158798283,248
Random Forest,Bearish,0.7419354838709677,0.5679012345679012,0.6433566433566433,162
Random Forest,High-Volatility,0.3877551020408163,0.7215189873417721,0.504424778761062,79
LightGBM,Bullish,0.8108108108108109,0.7258064516129032,0.7659574468085106,248
LightGBM,Bearish,0.7591240875912408,0.6419753086419753,0.6956521739130435,162
LightGBM,High-Volatility,0.43846153846153846,0.7215189873417721,0.5454545454545454,79
