Model,Accuracy,Balanced Acc,Macro F1,Weighted F1,Macro Prec,Macro Rec,Kappa,MCC,R2 (ordinal),ROC-AUC (OvR),ROC-AUC (OvO),Log Loss,Brier Score,mAP (OvR)
Logistic Regression,0.3150934754198935,0.3563177452396231,0.29017578026229784,0.35375454530176426,0.35779865988026366,0.3563177452396231,0.02586716736020589,0.03336346014675191,-2.3822027280976217,0.5326448720093269,0.5326448720093269,1.1669569333535803,0.23478674793472387,0.3602503928958502
Random Baseline,0.33410371590531857,0.33335989842496616,0.28937380378715644,0.37855691597484564,0.3334846561183347,0.33335989842496616,0.0002279405920238009,0.00027195628674159706,-2.2034822838690946,0.5,0.5,1.09861228866811,0.2222222222222223,0.3333333333333333
XGBoost,0.30630270992574915,0.3616619153414689,0.2859951881058532,0.34107133395133404,0.3626627632837818,0.3616619153414689,0.032026899565992695,0.04215217198704885,-2.4606284010570243,0.5462524972034307,0.5462524972034307,1.1603598506830635,0.23416399321010992,0.36351245515889
Majority Baseline,0.6977523037940642,0.3333333333333333,0.27399061776552336,0.5735327542915583,0.23258410126468806,0.3333333333333333,0.0,0.0,-3.1991205728942873e-07,,,,,
LightGBM,0.2866747626871504,0.3602486448111753,0.27386926907605497,0.3138311923492029,0.36273123102892174,0.3602486448111753,0.028317616322093953,0.03881324942152189,-2.5563908607883423,0.5452682639392016,0.5452682639392016,1.161762886157977,0.23445688241462728,0.36327330522356654
Random Forest,0.26427764027616113,0.3597271168770004,0.2580157995361329,0.2790747549344719,0.363952529821486,0.3597271168770004,0.024166693999710498,0.03565592849034633,-2.651430375120992,0.54360710548548,0.54360710548548,1.166081361557496,0.23520628353703202,0.36264473383007173
