Model,Accuracy,Macro F1,Weighted F1,Macro Prec,Macro Rec
LightGBM,0.3633908992952048,0.35219501699169015,0.3523663804355886,0.3614700870978911,0.3629646366293029
Random Forest,0.3631225656054908,0.34875939147537866,0.34895138027432276,0.361058383543694,0.36262652508108556
Logistic Regression,0.36021282215765443,0.33766611582518546,0.3377930577929815,0.35655310105387034,0.3598447905737065
