Regime,Model,N,Macro F1,Accuracy
Bullish,Logistic Regression,106027,0.2639650482355314,0.36255859356578984
Bullish,Random Forest,106027,0.27730577018005403,0.36092693370556556
Bullish,LightGBM,106027,0.2785941222207596,0.36255859356578984
Bearish,Logistic Regression,67710,0.33197102853950383,0.34811696942844483
Bearish,Random Forest,67710,0.3343426176554007,0.3552946389011963
Bearish,LightGBM,67710,0.3322184956424646,0.35275439373800027
High-Volatility,Logistic Regression,64772,0.2747446433653808,0.36901747668745755
High-Volatility,Random Forest,64772,0.31091447236928116,0.3748996479960477
High-Volatility,LightGBM,64772,0.3212291820312158,0.37587229049589327
