Model,Accuracy,Balanced Acc,Macro F1,Weighted F1,Macro Prec,Macro Rec,Kappa,MCC,R2 (ordinal),ROC-AUC (OvR),ROC-AUC (OvO),Log Loss,Brier Score,mAP (OvR)
Random Forest,0.7110655737704918,0.7738299331390365,0.6499430487727377,0.7212042786387579,0.6155406443847046,0.7738299331390365,0.4776072944266876,0.48570100133936095,0.0035531355267410802,0.8810151386532207,0.8810151386532207,0.6558746919837888,0.12901223504039475,0.8066041763905547
XGBoost,0.7274590163934426,0.7515143722498429,0.6463590822892346,0.71158639671495,0.6443947736647949,0.7515143722498429,0.4557909829536403,0.4701866210905075,0.01481242213095868,0.8585714893832249,0.8585714893832249,0.7332256067729306,0.13494582540000855,0.8016297447239435
LightGBM,0.7090163934426229,0.7627793016743815,0.64065343718455,0.7142448916178288,0.6102987932853293,0.7627793016743815,0.4623841110981807,0.46869538671920785,-0.05274329749434714,0.8822171250506661,0.8822171250506661,0.6432952160995784,0.1285073561356699,0.8288269651519484
Logistic Regression,0.6926229508196722,0.7410265808292493,0.6155589027299961,0.7098000147984331,0.5919261146936741,0.7410265808292493,0.4557499423778969,0.4671817905303626,-0.13155830372387034,0.8716999079325646,0.8716999079325646,0.6938259013046311,0.13883825682974918,0.8234559427100535
Random Baseline,0.3135245901639344,0.3222472318615251,0.2706753789608594,0.3551909872559461,0.31072539291321855,0.3222472318615251,-0.034624609990570265,-0.039649442070855315,-2.8788242351529685,0.5,0.5,1.0986122886681096,0.22222222222222232,0.3333333333333333
Majority Baseline,0.6290983606557377,0.3333333333333333,0.2574423480083858,0.4858696772863182,0.20969945355191255,0.3333333333333333,0.0,0.0,-0.5087444049651604,,,,,
