Model,ΔMacro F1 (regime vs base)
Logistic Regression,-0.0037422837829706457
Random Forest,0.002676144093072985
LightGBM,0.0021926642218503822
