Model,ΔMacro F1
Logistic Regression,0.03193911323189108
Random Forest,-0.0007096258093882701
LightGBM,0.026588227366994233
XGBoost,0.009454925004175552
