Model,Accuracy,Macro F1,Weighted F1
LightGBM,0.6973415132924335,0.6690213887253664,0.707042961295159
Random Forest,0.6605316973415133,0.6315208459991779,0.6733641114194224
Logistic Regression,0.6278118609406953,0.6040878653944648,0.6515392973237156
