Model,Has Regime,Accuracy,Macro F1,Weighted F1
Logistic Regression (regime),True,0.3150934754198935,0.29017578026229784,0.35375454530176426
XGBoost (regime),True,0.30630270992574915,0.2859951881058532,0.34107133395133404
XGBoost (base),False,0.29166263966685857,0.2765402631016777,0.3215239098179499
LightGBM (regime),True,0.2866747626871504,0.27386926907605497,0.3138311923492029
Random Forest (base),False,0.2634876479659799,0.2587254253455212,0.27736455195376564
Logistic Regression (base),False,0.26612655844892574,0.25823666703040676,0.28766076790984774
Random Forest (regime),True,0.26427764027616113,0.2580157995361329,0.2790747549344719
LightGBM (base),False,0.24838534816389818,0.24728104170906073,0.2540045482774766
