Model,Baseline Macro F1,Tuned Macro F1,Delta
Logistic Regression,0.6156,0.6082071132754782,-0.007392886724521874
Random Forest,0.65,0.6384411152618177,-0.01155888473818234
LightGBM,0.641,0.612351320160775,-0.028648679839225033
XGBoost,0.646,0.6428705647981325,-0.003129435201867481
