Model,Baseline Macro F1,Tuned Macro F1,Delta
Logistic Regression,0.3377,0.3361038244832002,-0.0015961755167998026
Random Forest,0.3491,0.3490623838343277,-3.7616165672327284e-05
LightGBM,0.3523,0.35163536779789256,-0.0006646322021074402
