Fold,Train Size,Test Size,Accuracy,Macro F1
1,198920,198916,0.36326891753302903,0.3577947078869146
2,397836,198916,0.3917734118924571,0.38891804664390556
3,596752,198916,0.371976110519013,0.3662407840591908
4,795668,198916,0.3625248848760281,0.3529022461448948
5,994584,198916,0.3630829093687788,0.3548291897377014
